unit_id,name
1,Omnivore
2,Omnivore
3,Omnivore
4,Omnivore
5,Omnivore
6,Omnivore
7,Vegetarian
8,Vegan
9,Omnivore
10,Omnivore
11,Omnivore
12,Omnivore
13,Vegan
14,Omnivore
15,Vegan
16,Omnivore
17,Omnivore
18,Vegan
19,Omnivore
20,Vegan
21,Omnivore
22,Omnivore
23,Omnivore
24,Omnivore
25,Omnivore
26,Vegan
27,Omnivore
28,Omnivore
29,Vegetarian
30,Omnivore
31,Omnivore
32,Omnivore
33,Omnivore
34,Omnivore
35,Omnivore
36,Omnivore
37,Omnivore
38,Omnivore
39,Vegetarian
40,Omnivore
41,Vegetarian
42,Omnivore
43,Vegetarian
44,Vegan
45,Omnivore
46,Omnivore
47,Omnivore
48,Vegetarian
49,Omnivore
50,Omnivore
51,Vegetarian
52,Vegetarian
53,Vegetarian
54,Omnivore
55,Vegan
56,Vegetarian
57,Omnivore
58,Vegetarian
59,Omnivore
60,Vegan
61,Omnivore
62,Omnivore
63,Omnivore
64,Vegetarian
65,Vegetarian
66,Omnivore
67,Vegan
68,Omnivore
69,Vegetarian
70,Vegetarian
71,Vegan
72,Vegetarian
73,Omnivore
74,Omnivore
75,Vegetarian
76,Omnivore
77,Vegan
78,Omnivore
79,Vegetarian
80,Vegan
81,Vegan
82,Vegan
83,Vegetarian
84,Vegetarian
85,Omnivore
86,Omnivore
87,Omnivore
88,Omnivore
89,Vegetarian
90,Omnivore
91,Vegetarian
92,Vegan
93,Omnivore
94,Omnivore
95,Vegetarian
96,Omnivore
97,Omnivore
98,Omnivore
99,Vegan
100,Vegan
101,Vegan
102,Omnivore
103,Vegan
104,Omnivore
105,Vegan
106,Omnivore
107,Vegan
108,Vegan
109,Vegan
110,Vegan
111,Vegan
112,Vegan
113,Omnivore
114,Omnivore
115,Vegan
116,Vegetarian
117,Omnivore
118,Omnivore
119,Omnivore
120,Vegan
121,Vegan
122,Omnivore
123,Omnivore
124,Omnivore
125,Vegan
126,Vegan
127,Vegan
128,Vegan
129,Vegan
130,Vegan
131,Vegetarian
132,Vegan
133,Vegan
134,Vegan
135,Omnivore
136,Vegan
137,Vegan
138,Vegan
139,Vegan
140,Vegan
141,Vegan
142,Vegan
143,Vegan
144,Vegetarian
145,Vegan
146,Vegan
147,Vegan
148,Vegan
149,Vegan
150,Vegan
151,Vegan
152,Vegan
153,Vegan
154,Vegan
155,Vegan
156,Vegan
157,Vegan
158,Vegan
159,Vegan
160,Vegan
161,Vegan
162,Vegan
163,Vegan
164,Vegan
165,Vegan
166,Vegan
167,Vegan
168,Vegan
169,Vegan
170,Vegan
171,Vegan
172,Vegan
173,Vegan
174,Vegan
175,Vegan
176,Vegetarian
177,Vegan
178,Vegan
179,Vegan
180,Vegan
181,Vegan
182,Vegan
183,Vegan
184,Vegan
185,Vegan
186,Vegan
187,Vegan
188,Vegan
189,Vegan
190,Vegan
191,Vegan
192,Vegan
193,Vegetarian
194,Vegan
195,Vegan
196,Vegan
197,Vegan
198,Vegan
199,Vegan
200,Vegan
201,Vegan
202,Vegan
203,Vegan
204,Vegan
205,Vegan
206,Vegan
207,Vegan
208,Vegan
209,Vegan
210,Vegetarian
211,Vegan
212,Vegan
213,Vegan
214,Vegan
215,Vegan
216,Vegan
217,Vegan
218,Vegan
219,Vegetarian
220,Vegan
221,Omnivore
222,Vegan
223,Vegan
224,Vegan
225,Vegan
226,Vegan
227,Vegan
228,Vegan
229,Vegan
230,Vegan
231,Vegan
232,Vegan
233,Vegan
234,Vegetarian
235,Vegan
236,Vegan
237,Vegan
238,Vegan
239,Vegetarian
240,Vegan
241,Vegan
242,Vegan
243,Vegetarian
244,Vegan
245,Vegan
246,Vegan
247,Vegan
248,Vegan
249,Vegan
250,Vegan
251,Vegan
252,Vegan
253,Vegan
254,Vegan
255,Vegan
256,Vegan
257,Vegan
258,Vegan
259,Vegan
260,Vegan
261,Vegan
262,Vegan
263,Vegan
264,Vegan
265,Vegan
266,Vegan
267,Vegan
268,Vegan
269,Vegan
270,Vegan
271,Vegetarian
272,Vegan
273,Vegan
274,Vegan
275,Vegan
276,Vegan
277,Vegan
278,Vegan
279,Vegan
280,Vegan
281,Vegan
282,Vegan
283,Vegan
284,Vegan
285,Vegan
286,Vegan
287,Vegan
288,Vegan
289,Vegan
290,Vegan
291,Vegan
292,Vegan
293,Vegan
294,Vegan
295,Vegan
296,Vegan
297,Vegetarian
298,Vegan
299,Vegan
300,Vegan
301,Vegan
302,Vegan
303,Vegan
304,Vegan
305,Vegan
306,Vegan
307,Vegan
308,Vegan
309,Vegan
310,Vegan
311,Vegan
312,Vegetarian
313,Vegan
314,Vegan
315,Vegetarian
316,Vegan
317,Vegetarian
318,Vegan
319,Vegan
320,Vegan
321,Vegan
322,Vegetarian
323,Vegetarian
324,Vegan
325,Omnivore
326,Vegan
327,Vegan
328,Vegan
329,Vegan
330,Vegan
331,Vegan
332,Vegan
333,Vegan
334,Vegan
335,Vegan
336,Vegan
337,Vegetarian
338,Vegan
339,Vegan
340,Vegan
341,Vegan
342,Vegetarian
343,Vegan
344,Vegan
345,Vegan
346,Omnivore
347,Vegan
348,Vegan
349,Vegan
350,Vegan
351,Vegan
352,Vegan
353,Vegan
354,Vegan
355,Omnivore
356,Vegetarian
357,Omnivore
358,Vegan
359,Vegan
360,Vegan
361,Vegan
362,Vegan
363,Vegan
364,Vegan
365,Vegan
366,Vegan
367,Vegetarian
368,Vegan
369,Vegan
370,Vegetarian
371,Vegan
372,Vegan
373,Vegan
374,Vegan
375,Vegan
376,Vegan
377,Vegan
378,Omnivore
379,Vegan
380,Vegan
381,Omnivore
382,Vegetarian
383,Vegan
384,Vegan
385,Vegan
386,Vegan
387,Vegan
388,Vegan
389,Vegan
390,Vegan
391,Vegetarian
392,Vegan
393,Vegan
394,Vegan
395,Vegan
396,Vegan
397,Vegan
398,Vegan
399,Vegan
400,Vegan
401,Vegan
402,Vegan
403,Vegan
404,Vegan
405,Vegan
406,Vegan
407,Vegan
408,Vegan
409,Vegan
410,Vegan
411,Vegan
412,Vegan
413,Vegan
414,Vegetarian
415,Vegan
416,Vegan
417,Vegan
418,Vegan
419,Vegan
420,Vegan
421,Vegetarian
422,Vegan
423,Vegan
424,Vegan
425,Vegan
426,Vegan
427,Vegan
428,Omnivore
429,Vegan
430,Vegan
431,Vegan
432,Vegan
433,Vegan
434,Vegan
435,Vegan
436,Vegan
437,Vegan
438,Vegetarian
439,Vegan
440,Vegan
441,Vegan
442,Vegan
443,Vegan
444,Omnivore
445,Vegan
446,Vegan
447,Vegan
448,Vegan
449,Vegan
450,Vegan
451,Vegan
452,Vegan
453,Vegan
454,Vegan
455,Omnivore
456,Vegan
457,Vegan
458,Vegan
459,Vegan
460,Vegan
461,Vegan
462,Vegetarian
463,Vegan
464,Vegan
465,Vegan
466,Vegan
467,Vegan
468,Vegan
469,Vegan
470,Vegan
471,Vegan
472,Vegan
473,Vegan
474,Vegan
475,Vegan
476,Vegan
477,Vegan
478,Vegan
479,Vegan
480,Vegan
481,Vegan
482,Vegan
483,Omnivore
484,Vegetarian
485,Vegan
486,Vegan
487,Vegan
488,Omnivore
489,Vegan
490,Vegetarian
491,Vegan
492,Vegan
493,Vegetarian
494,Vegan
495,Vegetarian
496,Omnivore
497,Vegan
498,Vegetarian
499,Vegetarian
500,Vegan
501,Vegan
502,Vegan
503,Vegan
504,Vegan
505,Vegan
506,Omnivore
507,Vegan
508,Vegan
509,Vegan
510,Vegan
511,Vegan
512,Vegan
513,Vegan
514,Vegan
515,Omnivore
516,Vegan
517,Vegan
518,Vegan
519,Vegan
520,Vegan
521,Vegan
522,Vegan
523,Vegan
524,Vegan
525,Vegan
526,Vegan
527,Vegan
528,Omnivore
529,Vegetarian
530,Vegan
531,Omnivore
532,Vegan
533,Vegan
534,Vegan
535,Vegan
536,Vegan
537,Vegetarian
538,Vegan
539,Vegetarian
540,Vegan
541,Vegan
542,Vegan
543,Vegetarian
544,Vegan
545,Vegan
546,Vegan
547,Omnivore
548,Omnivore
549,Vegan
550,Vegan
551,Vegetarian
552,Vegan
553,Vegetarian
554,Vegan
555,Vegan
556,Vegan
557,Omnivore
558,Vegan
559,Vegetarian
560,Vegetarian
561,Vegan
562,Vegan
563,Vegan
564,Vegan
565,Vegan
566,Vegetarian
567,Vegan
568,Omnivore
569,Omnivore
570,Vegan
571,Vegetarian
572,Vegan
573,Vegetarian
574,Omnivore
575,Vegan
576,Vegetarian
577,Vegan
578,Vegan
579,Omnivore
580,Vegetarian
581,Vegetarian
582,Vegan
583,Vegan
584,Vegan
585,Omnivore
586,Vegetarian
587,Vegetarian
588,Vegan
589,Vegan
590,Vegan
591,Omnivore
592,Omnivore
593,Vegan
594,Vegan
595,Vegetarian
596,Vegan
597,Vegan
598,Vegan
599,Vegan
600,Vegan
601,Omnivore
602,Vegan
603,Vegan
604,Vegan
605,Vegan
606,Omnivore
607,Omnivore
608,Vegan
609,Omnivore
610,Omnivore
611,Omnivore
612,Omnivore
613,Omnivore
614,Omnivore
615,Omnivore
616,Vegan
617,Omnivore
618,Vegan
619,Vegetarian
620,Omnivore
621,Vegan
622,Vegan
623,Omnivore
624,Vegetarian
625,Omnivore
626,Omnivore
627,Vegetarian
628,Omnivore
629,Vegan
630,Omnivore
631,Vegetarian
632,Omnivore
633,Omnivore
634,Vegetarian
635,Vegan
636,Omnivore
637,Vegetarian
638,Vegetarian
639,Vegetarian
640,Vegan
641,Omnivore
642,Vegetarian
643,Omnivore
644,Vegetarian
645,Vegetarian
646,Omnivore
647,Omnivore
648,Vegetarian
649,Vegetarian
650,Vegetarian
651,Omnivore
652,Omnivore
653,Omnivore
654,Vegan
655,Vegetarian
656,Vegetarian
657,Omnivore
658,Vegetarian
659,Vegan
660,Omnivore
661,Omnivore
662,Omnivore
663,Omnivore
664,Omnivore
665,Omnivore
666,Vegan
667,Omnivore
668,Omnivore
669,Omnivore
670,Vegetarian
671,Vegetarian
672,Omnivore
673,Vegetarian
674,Vegetarian
675,Vegetarian
676,Vegan
677,Omnivore
678,Omnivore
679,Omnivore
680,Vegetarian
681,Vegetarian
682,Omnivore
683,Omnivore
684,Omnivore
685,Omnivore
686,Omnivore
687,Vegetarian
688,Omnivore
689,Vegetarian
690,Omnivore
691,Omnivore
692,Omnivore
693,Omnivore
694,Omnivore
695,Omnivore
696,Vegetarian
697,Vegetarian
698,Omnivore
699,Vegan
700,Vegan
701,Vegetarian
702,Vegan
703,Vegan
704,Vegetarian
705,Omnivore
706,Vegetarian
707,Omnivore
708,Omnivore
709,Omnivore
710,Vegan
711,Vegan
712,Vegetarian
713,Vegan
714,Vegan
715,Vegan
716,Vegan
717,Vegetarian
718,Vegan
719,Vegetarian
720,Vegan
721,Vegan
722,Vegan
723,Vegan
724,Vegan
725,Vegan
726,Vegan
727,Vegetarian
728,Vegan
729,Vegan
730,Vegan
731,Vegan
732,Vegan
733,Vegan
734,Vegan
735,Vegetarian
736,Vegan
737,Vegan
738,Vegan
739,Vegan
740,Vegan
741,Vegan
742,Vegan
743,Vegetarian
744,Vegan
745,Vegan
746,Vegan
747,Vegan
748,Vegan
749,Vegan
750,Vegan
751,Vegan
752,Vegan
753,Omnivore
754,Vegetarian
755,Vegan
756,Vegetarian
757,Vegan
758,Omnivore
759,Vegan
760,Vegan
761,Vegan
762,Vegan
763,Vegan
764,Vegan
765,Vegan
766,Omnivore
767,Vegan
768,Vegan
769,Vegan
770,Vegan
771,Vegan
772,Vegan
773,Vegan
774,Vegan
775,Vegan
776,Vegan
777,Vegan
778,Vegan
779,Vegan
780,Vegan
781,Vegan
782,Vegan
783,Vegan
784,Vegan
785,Vegan
786,Omnivore
787,Vegan
788,Vegan
789,Vegetarian
790,Vegan
791,Vegetarian
792,Vegetarian
793,Vegetarian
794,Vegan
795,Vegan
796,Vegan
797,Vegan
798,Vegan
799,Vegan
800,Vegan
801,Vegan
802,Vegan
803,Vegan
804,Vegan
805,Vegan
806,Vegan
807,Vegetarian
808,Vegan
809,Vegan
810,Vegan
811,Vegan
812,Vegan
813,Vegan
814,Vegan
815,Omnivore
816,Vegan
817,Vegan
818,Vegan
819,Vegan
820,Vegan
821,Vegan
822,Omnivore
823,Vegan
824,Vegan
825,Vegan
826,Vegan
827,Vegan
828,Vegan
829,Vegan
830,Vegan
831,Vegan
832,Vegetarian
833,Vegan
834,Vegan
835,Vegan
836,Vegan
837,Vegan
838,Vegan
839,Vegan
840,Vegan
841,Vegan
842,Omnivore
843,Omnivore
844,Vegetarian
845,Vegetarian
846,Omnivore
847,Vegetarian
848,Vegan
849,Omnivore
850,Omnivore
851,Vegan
852,Omnivore
853,Omnivore
854,Vegetarian
855,Omnivore
856,Vegetarian
857,Vegan
858,Vegetarian
859,Omnivore
860,Vegan
861,Vegan
862,Omnivore
863,Omnivore
864,Vegan
865,Omnivore
866,Vegetarian
867,Vegan
868,Omnivore
869,Omnivore
870,Vegetarian
871,Vegetarian
872,Omnivore
873,Vegetarian
874,Vegetarian
875,Omnivore
876,Vegetarian
877,Omnivore
878,Omnivore
879,Vegan
880,Vegetarian
881,Vegetarian
882,Omnivore
883,Vegetarian
884,Vegetarian
885,Omnivore
886,Vegetarian
887,Vegetarian
888,Omnivore
889,Vegetarian
890,Vegan
891,Vegetarian
892,Omnivore
893,Omnivore
894,Omnivore
895,Omnivore
896,Omnivore
897,Vegetarian
898,Omnivore
899,Omnivore
900,Omnivore
901,Omnivore
902,Omnivore
903,Omnivore
904,Omnivore
905,Vegetarian
906,Omnivore
907,Omnivore
908,Omnivore
909,Vegetarian
910,Vegan
911,Omnivore
912,Omnivore
913,Omnivore
914,Vegan
915,Omnivore
916,Omnivore
917,Vegetarian
918,Omnivore
919,Omnivore
920,Omnivore
921,Omnivore
922,Omnivore
923,Omnivore
924,Omnivore
925,Omnivore
926,Omnivore
927,Omnivore
928,Omnivore
929,Omnivore
930,Omnivore
931,Omnivore
932,Omnivore
933,Omnivore
934,Omnivore
935,Omnivore
936,Vegetarian
937,Vegetarian
938,Omnivore
939,Vegan
940,Omnivore
941,Omnivore
942,Vegetarian
943,Omnivore
944,Omnivore
945,Omnivore
946,Vegetarian
947,Vegetarian
948,Omnivore
949,Vegan
950,Omnivore
951,Omnivore
952,Omnivore
953,Vegan
954,Vegetarian
955,Omnivore
956,Omnivore
957,Vegetarian
958,Vegetarian
959,Vegetarian
960,Omnivore
961,Vegetarian
962,Omnivore
963,Vegetarian
964,Vegetarian
965,Vegetarian
966,Omnivore
967,Omnivore
968,Vegan
969,Vegan
970,Vegetarian
971,Omnivore
972,Vegetarian
973,Vegan
974,Vegetarian
975,Omnivore
976,Omnivore
977,Vegetarian
978,Vegetarian
979,Omnivore
980,Vegan
981,Omnivore
982,Vegetarian
983,Omnivore
984,Omnivore
985,Omnivore
986,Omnivore
987,Omnivore
988,Omnivore
989,Vegetarian
990,Omnivore
991,Omnivore
992,Vegetarian
993,Omnivore
994,Vegan
995,Vegetarian
996,Omnivore
997,Omnivore
998,Omnivore
999,Omnivore
1000,Vegetarian
1001,Omnivore
1002,Omnivore
1003,Omnivore
1004,Omnivore
1005,Omnivore
1006,Vegetarian
1007,Omnivore
1008,Omnivore
1009,Omnivore
1010,Omnivore
1011,Omnivore
1012,Vegan
1013,Omnivore
1014,Omnivore
1015,Omnivore
1016,Vegetarian
1017,Omnivore
1018,Vegetarian
1019,Vegetarian
1020,Omnivore
1021,Omnivore
1022,Omnivore
1023,Omnivore
1024,Vegetarian
1025,Omnivore
1026,Omnivore
1027,Omnivore
1028,Vegetarian
1029,Vegan
1030,Vegetarian
1031,Vegetarian
1032,Vegetarian
1033,Omnivore
1034,Omnivore
1035,Omnivore
1036,Omnivore
1037,Omnivore
1038,Omnivore
1039,Vegetarian
1040,Omnivore
1041,Omnivore
1042,Omnivore
1043,Vegetarian
1044,Omnivore
1045,Omnivore
1046,Omnivore
1047,Omnivore
1048,Omnivore
1049,Vegetarian
1050,Omnivore
1051,Vegan
1052,Omnivore
1053,Omnivore
1054,Vegetarian
1055,Omnivore
1056,Omnivore
1057,Omnivore
1058,Omnivore
1059,Omnivore
1060,Vegan
1061,Omnivore
1062,Omnivore
1063,Omnivore
1064,Omnivore
1065,Vegetarian
1066,Vegetarian
1067,Omnivore
1068,Omnivore
1069,Omnivore
1070,Omnivore
1071,Omnivore
1072,Vegan
1073,Vegan
1074,Omnivore
1075,Omnivore
1076,Vegetarian
1077,Omnivore
1078,Omnivore
1079,Omnivore
1080,Omnivore
1081,Omnivore
1082,Omnivore
1083,Omnivore
1084,Omnivore
1085,Omnivore
1086,Omnivore
1087,Omnivore
1088,Omnivore
1089,Omnivore
1090,Omnivore
1091,Omnivore
1092,Omnivore
1093,Omnivore
1094,Vegetarian
1095,Omnivore
1096,Omnivore
1097,Vegan
1098,Vegan
1099,Vegan
1100,Vegan
1101,Vegan
1102,Vegan
1103,Vegan
1104,Vegan
1105,Vegan
1106,Vegan
1107,Vegan
1108,Vegan
1109,Vegan
1110,Vegan
1111,Vegan
1112,Vegan
1113,Vegan
1114,Vegan
1115,Vegan
1116,Vegan
1117,Vegan
1118,Vegan
1119,Vegan
1120,Vegan
1121,Vegan
1122,Vegan
1123,Vegan
1124,Vegetarian
1125,Vegan
1126,Vegan
1127,Vegetarian
1128,Vegan
1129,Vegan
1130,Vegan
1131,Vegan
1132,Vegan
1133,Vegan
1134,Vegan
1135,Vegan
1136,Vegan
1137,Vegan
1138,Vegan
1139,Vegan
1140,Vegan
1141,Vegan
1142,Omnivore
1143,Vegan
1144,Vegan
1145,Vegan
1146,Vegan
1147,Vegan
1148,Vegan
1149,Vegan
1150,Vegan
1151,Vegan
1152,Omnivore
1153,Vegan
1154,Vegan
1155,Vegan
1156,Omnivore
1157,Omnivore
1158,Vegan
1159,Vegetarian
1160,Vegan
1161,Omnivore
1162,Omnivore
1163,Omnivore
1164,Omnivore
1165,Omnivore
1166,Omnivore
1167,Omnivore
1168,Vegetarian
1169,Vegan
1170,Omnivore
1171,Vegan
1172,Vegan
1173,Omnivore
1174,Omnivore
1175,Omnivore
1176,Omnivore
1177,Omnivore
1178,Omnivore
1179,Omnivore
1180,Omnivore
1181,Omnivore
1182,Omnivore
1183,Omnivore
1184,Omnivore
1185,Omnivore
1186,Omnivore
1187,Omnivore
1188,Omnivore
1189,Omnivore
1190,Omnivore
1191,Omnivore
1192,Vegetarian
1193,Omnivore
1194,Omnivore
1195,Vegetarian
1196,Omnivore
1197,Omnivore
1198,Omnivore
1199,Omnivore
1200,Vegetarian
1201,Omnivore
1202,Omnivore
1203,Omnivore
1204,Omnivore
1205,Vegetarian
1206,Omnivore
1207,Omnivore
1208,Vegetarian
1209,Omnivore
1210,Omnivore
1211,Omnivore
1212,Vegan
1213,Omnivore
1214,Omnivore
1215,Omnivore
1216,Omnivore
1217,Vegetarian
1218,Omnivore
1219,Omnivore
1220,Vegetarian
1221,Omnivore
1222,Vegetarian
1223,Omnivore
1224,Omnivore
1225,Vegetarian
1226,Vegetarian
1227,Omnivore
1228,Omnivore
1229,Omnivore
1230,Omnivore
1231,Omnivore
1232,Vegetarian
1233,Omnivore
1234,Omnivore
1235,Omnivore
1236,Omnivore
1237,Omnivore
1238,Omnivore
1239,Omnivore
1240,Vegetarian
1241,Vegetarian
1242,Vegetarian
1243,Vegetarian
1244,Vegetarian
1245,Omnivore
1246,Omnivore
1247,Omnivore
1248,Omnivore
1249,Omnivore
1250,Vegetarian
1251,Omnivore
1252,Omnivore
1253,Vegetarian
1254,Omnivore
1255,Omnivore
1256,Omnivore
1257,Omnivore
1258,Omnivore
1259,Omnivore
1260,Vegetarian
1261,Vegetarian
1262,Omnivore
1263,Omnivore
1264,Omnivore
1265,Omnivore
1266,Omnivore
1267,Omnivore
1268,Omnivore
1269,Omnivore
1270,Vegetarian
1271,Vegetarian
1272,Vegetarian
1273,Omnivore
1274,Omnivore
1275,Omnivore
1276,Vegetarian
1277,Omnivore
1278,Vegetarian
1279,Omnivore
1280,Omnivore
1281,Omnivore
1282,Omnivore
1283,Omnivore
1284,Omnivore
1285,Omnivore
1286,Omnivore
1287,Omnivore
1288,Omnivore
1289,Omnivore
1290,Vegan
1291,Omnivore
1292,Omnivore
1293,Vegetarian
1294,Vegetarian
1295,Omnivore
1296,Omnivore
1297,Omnivore
1298,Vegetarian
1299,Omnivore
1300,Omnivore
1301,Omnivore
1302,Omnivore
1303,Vegetarian
1304,Omnivore
1305,Vegetarian
1306,Omnivore
1307,Omnivore
1308,Vegetarian
1309,Omnivore
1310,Omnivore
1311,Omnivore
1312,Omnivore
1313,Vegan
1314,Vegetarian
1315,Vegetarian
1316,Omnivore
1317,Omnivore
1318,Vegetarian
1319,Omnivore
1320,Omnivore
1321,Vegetarian
1322,Vegetarian
1323,Vegetarian
1324,Omnivore
1325,Omnivore
1326,Vegetarian
1327,Omnivore
1328,Omnivore
1329,Omnivore
1330,Omnivore
1331,Omnivore
1332,Omnivore
1333,Omnivore
1334,Omnivore
1335,Vegetarian
1336,Vegetarian
1337,Vegetarian
1338,Vegetarian
1339,Vegan
1340,Vegetarian
1341,Vegetarian
1342,Vegetarian
1343,Omnivore
1344,Omnivore
1345,Omnivore
1346,Omnivore
1347,Omnivore
1348,Vegan
1349,Vegan
1350,Vegan
1351,Vegan
1352,Vegan
1353,Vegetarian
1354,Vegan
1355,Vegan
1356,Omnivore
1357,Vegan
1358,Vegan
1359,Vegan
1360,Vegan
1361,Vegan
1362,Vegetarian
1363,Omnivore
1364,Omnivore
1365,Vegan
1366,Vegetarian
1367,Vegan
1368,Vegan
1369,Vegan
1370,Vegan
1371,Vegan
1372,Vegan
1373,Vegan
1374,Vegan
1375,Vegan
1376,Vegan
1377,Vegan
1378,Vegetarian
1379,Vegetarian
1380,Vegetarian
1381,Omnivore
1382,Vegetarian
1383,Omnivore
1384,Vegan
1385,Vegetarian
1386,Vegetarian
1387,Omnivore
1388,Omnivore
1389,Omnivore
1390,Vegetarian
1391,Vegetarian
1392,Vegetarian
1393,Vegetarian
1394,Omnivore
1395,Omnivore
1396,Omnivore
1397,Vegan
1398,Omnivore
1399,Omnivore
1400,Omnivore
1401,Vegetarian
1402,Vegetarian
1403,Vegan
1404,Omnivore
1405,Vegan
1406,Vegetarian
1407,Vegetarian
1408,Vegetarian
1409,Vegetarian
1410,Vegetarian
1411,Omnivore
1412,Omnivore
1413,Omnivore
1414,Vegetarian
1415,Vegetarian
1416,Omnivore
1417,Omnivore
1418,Vegetarian
1419,Omnivore
1420,Omnivore
1421,Omnivore
1422,Omnivore
1423,Omnivore
1424,Omnivore
1425,Omnivore
1426,Omnivore
1427,Omnivore
1428,Omnivore
1429,Omnivore
1430,Vegetarian
1431,Omnivore
1432,Omnivore
1433,Omnivore
1434,Omnivore
1435,Omnivore
1436,Omnivore
1437,Vegetarian
1438,Omnivore
1439,Omnivore
1440,Omnivore
1441,Omnivore
1442,Omnivore
1443,Omnivore
1444,Vegetarian
1445,Omnivore
1446,Vegetarian
1447,Omnivore
1448,Vegetarian
1449,Omnivore
1450,Omnivore
1451,Omnivore
1452,Omnivore
1453,Omnivore
1454,Vegetarian
1455,Vegetarian
1456,Vegetarian
1457,Omnivore
1458,Vegan
1459,Vegetarian
1460,Vegetarian
1461,Omnivore
1462,Omnivore
1463,Omnivore
1464,Vegetarian
1465,Omnivore
1466,Vegetarian
1467,Omnivore
1468,Omnivore
1469,Vegetarian
1470,Vegan
1471,Omnivore
1472,Omnivore
1473,Vegetarian
1474,Omnivore
1475,Vegetarian
1476,Omnivore
1477,Omnivore
1478,Vegan
1479,Omnivore
1480,Vegetarian
1481,Vegetarian
1482,Omnivore
1483,Omnivore
1484,Omnivore
1485,Omnivore
1486,Omnivore
1487,Omnivore
1488,Vegetarian
1489,Omnivore
1490,Omnivore
1491,Omnivore
1492,Omnivore
1493,Omnivore
1494,Omnivore
1495,Vegetarian
1496,Omnivore
1497,Omnivore
1498,Omnivore
1499,Omnivore
1500,Vegetarian
1501,Omnivore
