doc_path,unit_id
R_28A0gqlGuHKsnU6,1
R_2D66G7AxdYgYp9n,2
R_3gOwP9lbu63yDWX,3
R_vAh5teyKVTsUcMN,4
R_SUZ182fMMkwFLih,5
R_12x62RKaUf1DACA,6
R_124OxI4yjh5ZYsg,7
R_110Y6Y2ardS7Xkm,8
R_1odRKfXDQxBOMYl,9
R_3Mzo4czN0LMVY1A,10
R_1H5kQ8yPYuKLHPd,11
R_21GPBI7cIFWIRpg,12
R_1gTsBTmdQk8aGwD,13
R_3hG7JcT3QkcSjPq,14
R_0IJZ0KuI76eNZcJ,15
R_10px1h010M7fVtQ,16
R_1DOyTjkAWZJxOOy,17
R_2uC2pm8wARBl7WN,18
R_2CpuxknAxmikCeC,19
R_2bOTijaRfVfGA63,20
R_2xFtcp3NSSiEhPP,21
R_2A1gOV0Vzzi7nvW,22
R_6L0DXUS2xbQC1uF,23
R_1n7PUyqWJWhZqkB,24
R_1IAu37uSKSCRQ1E,25
R_1ZFdCQWr8xpvexP,26
R_1i2TQYgaCw0h0Vq,27
R_1eDluRKVqhDpR00,28
R_3peUKmH3SLw7ruD,29
R_1liCi00Za9Sz6bE,30
R_C82xQEAjpxCRVpn,31
R_33ecMde14yM09Rq,32
R_1lAWk9PnRc2b9av,33
R_ymbhnVPX4JAvh85,34
R_ZF5Wrycdkrr4Lgl,35
R_22KOfk6yqHo2xwJ,36
R_BKchD12gxeFhLS9,37
R_1iqEJwaOMrAh9hc,38
R_2w4XhwLBS4dfLNI,39
R_2YOZv8evkuAa70R,40
R_2qgwHqsVKIrtR8D,41
R_smSth4Nf5o5z1L3,42
R_2To9UZMFUC1pjef,43
R_3QQmyslkmJFI0Fb,44
R_BVfk16gaVVrCVod,45
R_11131z5VB9QtIXw,46
R_24vEf3fycWO2Ba0,47
R_2RWjbVRvcHUJsRV,48
R_1mWoJNwbsiAoUER,49
R_1C2XyAfSxUH5YKS,50
R_1g1vlUlBcIYaIkq,51
R_3MtYGigQm69Kl9z,52
R_3R7OQzPcrOLtPeM,53
R_z8s2tLuiwarUxSp,54
R_6u40jtDj7iq7vuV,55
R_3s7vP6kYbyBJEUm,56
R_2wLXOln0VEzDFKi,57
R_2X4fqNc1cFUEqhS,58
R_6YC9Epa9ZJPFG6Z,59
R_10rdOR7f6Ai2Br9,60
R_3L20Iagle3amaaf,61
R_33qcYDhgMRnJTKS,62
R_3Gwk9hssElIz4UM,63
R_ABWrSjIKwU0oeRj,64
R_3nHlH9ZeVCvH7cU,65
R_1dB421rR2nCL1yZ,66
R_2QMrKVbggKIErKk,67
R_1QEFTNaGrNvS7Mi,68
R_D7hdn4iBmaUnKh3,69
R_2EvqdzTnqf8zRKC,70
R_eLovp1FxlWOORHj,71
R_2WJegLw0YI9uJlv,72
R_2VxSUAwd1blQd9j,73
R_3NwIye8WEHxOFh6,74
R_C8gV75RiMHjPpnP,75
R_2q9PJTaUFF1fWWA,76
R_3G7ZLJVTCTzynYv,77
R_1Lif48NMBk4AP56,78
R_1GT68IN34zAWiew,79
R_3nitre4NLPRKlgC,80
R_2CONntaKYxjq00I,81
R_3NO0djv28AhY8R0,82
R_22OYwGfkaboXxjb,83
R_1E7n7u8C5YgGiHx,84
R_2pXokJ4BkGvoTkM,85
R_1QlngNCAKvX6hxa,86
R_3qm4JUuqBqVsvFF,87
R_2tFFHdLytNhiKcA,88
R_1d0lLA2roKm0qoR,89
R_3oTJF9IBaloZPvL,90
R_1qUTCubTNBnSofv,91
R_1poraj7fMg4wn4L,92
R_cI4UPJNPlQZoT4Z,93
R_3qNVEBbPzQLMSZP,94
R_zVlWDYbtYupJf9f,95
R_AHijeCmzGbBIPVT,96
R_1JLW7PS9uiTy7u5,97
R_2vcwKdOlhg6SwHr,98
R_3fDbP45yFWtYkma,99
R_1GN6aLkp3Nb8yUn,100
R_sRmAUJFo8SULWG5,101
R_1rPRcDCLFsRgF2Y,102
R_237u07JFbfmWfOA,103
R_2q9jCTu9GMCmx3b,104
R_6GnADCs9GLml7mp,105
R_3PNQbm23RHgq7pK,106
R_3J8Vwv6TK4CDcbZ,107
R_RQR9iIUT0annl8B,108
R_2dSlV9V8BE8R8zS,109
R_3EK1wSbt89TBPPi,110
R_27fzP9quwmGzZOF,111
R_3LiijAFEgTsVbYk,112
R_1IurLCsW0lnK8T6,113
R_BLZNxawrP1I7kuB,114
R_24hEMmug4WG0lTc,115
R_26aRQ6sXNj2zpyi,116
R_4GfOgfhILut4VMJ,117
R_22tdXMa21m4Tdaf,118
R_2q8lB0PRMWbZtiW,119
R_eySPlDjZQGooLDP,120
R_3RfvutAyLJuSe8K,121
R_2SJCIiZxHZ8PVzQ,122
R_6Allrv8AB6N1vGN,123
R_3KIOo6FXCxXqPHQ,124
R_1oFPCk9Tm3Ak8xv,125
R_1lz47kO9D7c6MXw,126
R_3327BhihlxGKiip,127
R_ai1QWk55cXZiU8N,128
R_2c771ODYAsoSrzH,129
R_UWQwcU9YdggPaLL,130
R_2E0MpmbjnTrejpV,131
R_3lE1CedTsdDALH6,132
R_1jPyWWkwaJVjpz9,133
R_2q7xKz5ly23yBzr,134
R_2bNL0qi85SzgkwI,135
R_3p5zbVTEK2VZeVQ,136
R_1IEJX47NOvzykq4,137
R_dpCgpTyB2i3Jmal,138
R_2uNBIXhMZnvIT7V,139
R_2EsCBWYNtZ6DM7d,140
R_2c4jHhw2TFHURNv,141
R_3NBPFcwQvqP4PSK,142
R_1BY3Pr8NdTaFUNb,143
R_rficZZS4nRir9QZ,144
R_22OYE3FsLlae72x,145
R_3KJER9gN5HkYs42,146
R_2RU1gglxh8RjTiU,147
R_3LgWXPu51OHBDaa,148
R_Ap1S3zjiFVWqA7L,149
R_2ztG6xb9yhF88wi,150
R_RRkT3sI7p1h0cHn,151
R_57MARNnuIdFCPo5,152
R_3kEgso5Wuw1vX3z,153
R_3dMomk141SVFLlB,154
R_UzLGTLmFraArQFX,155
R_2w76j9i3yZxNphz,156
R_XH8rVSXdlbmbBi9,157
R_3ejYmZR66vrar0x,158
R_2wcaC5mwZp5raqm,159
R_CeRV3jrraNQJqKt,160
R_vfcMTsW4WLiW6Xf,161
R_1IfRbW7XgKzxHxk,162
R_3k5MzPOtPM3uei6,163
R_u4cRjhs3OUzQvXb,164
R_2YYBtneO2l11wat,165
R_0lHZSj47Xm9iU49,166
R_2OHf5Pjyb1yXHrt,167
R_22zQco39KBhPaX1,168
R_5jXQv3xNlvoAQ5r,169
R_ut74JdNIlSFRsY1,170
R_OvZNJrliXCatS3n,171
R_55XzU6tGU1sNWql,172
R_3s66fmvdYig9Ota,173
R_1KxqBmOMZCm0PsW,174
R_Qbp09Z1qH6hW9Ff,175
R_SZXKCXOKDby1O4F,176
R_5oquLKMi1JaJvBn,177
R_3hnZO39VVGG4N7w,178
R_3h6FuEze46td9eA,179
R_1H1VTdi5SxCd7wI,180
R_2Y4IqoCgytXR07c,181
R_2YnZ0Hc0veYaXPy,182
R_1QtITfPmJ5gF72O,183
R_2rM9mV0K2ypbFfy,184
R_yLc6hgSG8sKJInD,185
R_R7YnN6bUIJSdVO9,186
R_2xRHfv4K0sfIafD,187
R_1r2GlqxnArzK2bs,188
R_DPtQNCpJ7nxxRBL,189
R_2q32qwZ2aH2kONL,190
R_27TFgpiwjub1E0Z,191
R_1l6R9ErM1uVEp0f,192
R_3D6ZSyp5tfm3xjC,193
R_3JC8vEA191i29si,194
R_2QfHwEoDhhc3Jtg,195
R_2yel7zlzUWfWusM,196
R_d4PZV1O8zAh3V17,197
R_1f13C3Rf5uE9dzz,198
R_5aUTFPfMMwXLpbr,199
R_1F5IjfIdGZOM8ca,200
R_CgJclB6glRVFQDT,201
R_1FwWfMo0jy2vrQ2,202
R_3M9EonSdIHAVAjm,203
R_3R7WWzkGMLLQdJ3,204
R_21vX2xbaSsxE70K,205
R_wMNjkeXibgKnsNH,206
R_XCgl1AJe0Qx3qDf,207
R_3nBoCuDvx6G7ywM,208
R_pcHmFHN4W3nNkxb,209
R_cBYYnJYFjDMG05r,210
R_3J9nYwljSE6gEP6,211
R_tRGrDal3f3zGwO5,212
R_2DOkiOmzNyLE55j,213
R_1HiU1Y7ePtLtdvz,214
R_2PjpsQnWUZGaOeS,215
R_siegJUFfhUq45JD,216
R_1go8CyyO7B2A8U0,217
R_28RPrld4otdl1I7,218
R_reT4NxvM0vXv7ih,219
R_5dTdgMneG1DhCz7,220
R_22LCLlqxM2AApwP,221
R_2QfBZ5jc4odxZ8r,222
R_2iyl12wXxv7tmaR,223
R_1o752uJixdjsEh9,224
R_3kCcsZywxJy5XN2,225
R_Autyah6JkVtXI5z,226
R_2Y8JzzYQcFRkD7r,227
R_3CZ5kefSnKyFq63,228
R_2tGnIiDsKy6AmnI,229
R_10PMRHhmSO3UWnx,230
R_1P6vp2OoV7VHiN1,231
R_3qJpvCWADnGfJOg,232
R_2uE5iJtnzB7odex,233
R_eG1u4ydtoZklgDT,234
R_3g4O7KWPocONShg,235
R_2BbyzzuS1hqUB5e,236
R_2TmxsvxIVNSw0Iz,237
R_1KvV7Zh6vtZ4Jog,238
R_1H8J2ws9w7Hj4Id,239
R_3jfBskltS7gzD5n,240
R_78ObERWHUoyDkrv,241
R_3NR0QAp4SdNuJr5,242
R_5vy4AE8btAnnilb,243
R_0q8Wl4NMI1MLkvD,244
R_39R4QtEZtKF4izL,245
R_ZqPvH5Rj3mZ2urv,246
R_1DULtoMFuO2mub2,247
R_3M9WryaM6jMEbGj,248
R_1jfedxyhBwFkVcG,249
R_296ojrtQuFIcFdk,250
R_2moB5GtTj6SLM53,251
R_1F5GDqcA811XKPx,252
R_1gLX9xHfUvFyqiB,253
R_YRfGQZ675MGFjB7,254
R_2b0ZQFaBfLHBo8Q,255
R_2co0zqLK2YsxYh1,256
R_6SdgpcSjBegy3L3,257
R_2SdagD35sGxujgi,258
R_2aypH6thOeQyWsz,259
R_1Fr2oEDOLP0GONq,260
R_2P5T6JJZgLwHgjx,261
R_vH9ukhVcuqVTn3P,262
R_3dRLbCYrFMSR3r4,263
R_7U3hjOBjvYjPvzj,264
R_20UqIJihLNm1Nmu,265
R_2TzPCQlQmzF3Ky1,266
R_2abivayhK0RisCh,267
R_UEp7U1mZGPCBup3,268
R_5bvKQ5bnYZIAenn,269
R_CmHgoI3HclCFVzb,270
R_3NwuL8tkCk4Uec6,271
R_2DS61CD25Q25IPu,272
R_3pEBExeIkXtFhNn,273
R_3yKkDreGQ7nqOEF,274
R_1IaCbjdPZ588VB9,275
R_3no4gzowudzx9n1,276
R_2aWMSD0DBu3H9e1,277
R_1FLqpK2fCv1lilz,278
R_1ghyjaLlxDmOEjE,279
R_1r7fRxyX6Ubjxv4,280
R_1OB81rtLSej8AvX,281
R_3Kp6hgG6XflmuD2,282
R_1K8WVfMVo6CJq96,283
R_WliKnohh7NnyTFn,284
R_2ZERqNkZ0DOpRtv,285
R_241VPwktmeWHN4w,286
R_2VEkCkveikzQwrJ,287
R_3vYB9iN1JDQao93,288
R_21sJL0dUTGYlxmd,289
R_2UaMboXCC8Wk8AB,290
R_2XdF6KZrUx0gdU2,291
R_1P0kOM2QLAAKB5U,292
R_2PbWQA2YCJTRfwz,293
R_yUfl7DLwjOxXqKt,294
R_2zHeyAt37liRBsy,295
R_BxD8LJWBZk62evn,296
R_23VPDJ2cyyr6yHu,297
R_32R7f8ZQ7TNXXAk,298
R_2VrmLJdaKk2Spyz,299
R_1rqbL4XAQbR47b0,300
R_1NfFKQGHMWnxKas,301
R_24D9Fl0lPLYBQ0o,302
R_2tfHw4qwtCC9ZDk,303
R_3kzh0YhpWjGhzva,304
R_UsctGDwIsa3rpRf,305
R_DTRIBhKncU1QPnj,306
R_oZzC9JYrKl9GgLv,307
R_3FVxrnQZUpOvMJl,308
R_1cRO5KBUuAhkzmB,309
R_2zDg1nJ1EU0ciC2,310
R_23UG8L5eNAbd7Tf,311
R_ULW3parU8j9Y0Br,312
R_1FyWziu2L6Ttngc,313
R_2zMj02ybTqaKooc,314
R_1MSaOuaw7EiVS88,315
R_XG2sjqhNoQnDGal,316
R_1jE4Xmo6QoblCGB,317
R_2ab191aCdzYnOXE,318
R_DiXEimTJZJqLdN7,319
R_215uc3hhqw6lDqn,320
R_2ZKyTzDeW1me33c,321
R_1hRJXpLVQvu1Rfr,322
R_W2jO89dAu793W9P,323
R_RfsdknYSwBfq9rP,324
R_2Xb4aNKf2BuWAc0,325
R_qJioM9h9duVWsxP,326
R_1OqMNoWKhM3E65o,327
R_3PXqlAQhJLsmSZV,328
R_yIpwuxg3hxsY4V3,329
R_1mmbi8QnCkMkAno,330
R_3NVgBv3P94qVQGv,331
R_3D22oVbejKXXIFU,332
R_1M5IkPhP2FUU9Kp,333
R_2qn6BplsQFey2Jp,334
R_uaIowngoQ5s1QXL,335
R_1q37SaA9ynaqPAO,336
R_3rHU2eF1HeUtbMS,337
R_1QKFBd1wD1eSkKw,338
R_1GQCxhjpMc790AO,339
R_8kKnYLOdeTVu1j3,340
R_3nGYkPZlvIvGkXw,341
R_5yH23Cq8WmBFaa5,342
R_2TMmlrSDnEcFVlK,343
R_2s5YMsruoXN1CLc,344
R_vIDSjJh0pHexNg5,345
R_3dFdFuKK2tAo1mf,346
R_50iATaP2kFhu4GB,347
R_OxMV1I3qwxjC1Lr,348
R_2YG1ubwldHaeDc6,349
R_1fl62EPNoRBtgid,350
R_OHZbxmDTEK38ldT,351
R_1JOqRq36S0m9Imr,352
R_2WTLhvcqmVmjsGk,353
R_2EnPoeeNMY3IA98,354
R_3QFsiM2ISwCmKUK,355
R_2eVVQZOTHni5oE4,356
R_8jPLEchFXgJlwel,357
R_V2MBYzfXLVldZqp,358
R_2TYuFaxYdOa43TQ,359
R_XvQ4BZYngnv6IX7,360
R_u8qq3nK6Pu1gBC9,361
R_3sdGoKVHhd3hB3J,362
R_41wzmR4Btn3AIrT,363
R_Uxunk7vvLbxu1i1,364
R_3m7Ppv3VAAR0BuI,365
R_3jZv94wd9yvPmtH,366
R_1LXuyHoOiJbVDB2,367
R_1DRUE3Rz7R8plIN,368
R_1C4qzJMNpbLAthm,369
R_ZK74tVDHNVGVScF,370
R_1g7khuX3Yqw5gOW,371
R_2Ubx603YRI0y49I,372
R_AAnidji99B9ZgKR,373
R_siFhzyz3YsBPr9f,374
R_u3s7xL9aO06NLhL,375
R_3JISLVrFk8AmjBX,376
R_pAC8cz9CoRG78el,377
R_2zFRFME8YVMkxJl,378
R_0kzeh5ED96sngxr,379
R_1hPZoTyK20yZKlV,380
R_2CWBuMPgvIqwD7S,381
R_2yqLmg9mzTdJwNG,382
R_3qWBKhLzD4qiAEq,383
R_2xQKvBq1Wl2vwWT,384
R_Zn7NcOxZ5pOE3sd,385
R_12FI4iPxHFgDPQ8,386
R_2SeGoICOVBrvm27,387
R_uajQUdE4z5uCHol,388
R_3DpRnTimh49zMhR,389
R_vB5n8aMnMVA8peV,390
R_1ewJUsLkFaKxCBD,391
R_3325NbJUykuxhZM,392
R_z7n5GyzyYzlD3vr,393
R_1f79te69suDYiFw,394
R_9u8NMQmUtYLH7AR,395
R_33x8VWRxvLUJyex,396
R_DUD1urr8XTLFTcl,397
R_2WHUtjbTyDZHBpO,398
R_u81xlDpUIihYTn3,399
R_1hRpP8ULK2RLXQ6,400
R_31N3KGciIA9GoCF,401
R_2woVIhUK6RUWkko,402
R_2y1oQ9UPFtRfJh6,403
R_3iJ90dW298FJlA9,404
R_12cnmC398dBCIhz,405
R_1oGXIdTfbuQuQvx,406
R_djuJ3qDVc9eFroJ,407
R_1LYIQxJk3nOCG9O,408
R_przMziVpc9K8bOp,409
R_1C29LEigJPK4KJT,410
R_3nHuTDyIpGgkpu1,411
R_5zM6rsEY3rl2HFD,412
R_8IGjztUur7njaDf,413
R_1QsaPGuP4VfuMmW,414
R_3sB4zUyRBZy3Xt8,415
R_cu2m5t25KTDLH2x,416
R_xcnsYv0wjJp16HT,417
R_3JJCq6RwLCH0vku,418
R_1LqwXNPA4tRzjyz,419
R_1Frlr2y9N5tc30Y,420
R_bvc8pCeK1BGNu4V,421
R_RbkkyopoUXkJvqx,422
R_12PW2AkF1EzYHoy,423
R_3k84NShjYzNdmZY,424
R_27iYP47e4orMPa4,425
R_2CWxd8GsjF8WPS3,426
R_21uehR2BHp7qMcB,427
R_ZaZLOhqmlVxL9Hr,428
R_3oyCmu9gwDXrVqz,429
R_RQwzrxIaHXJWkI9,430
R_2YLJE4ywYeaT9p2,431
R_yUSoRY8khqcuZnb,432
R_1EX8HJNPP8EHwOT,433
R_RgiW8i4PwFx9K6d,434
R_w0km0GF15IFctix,435
R_1HeiR9DZ56E73Tp,436
R_2y1HwyXaN9ObR0A,437
R_1Q0c4FGXOJOJG27,438
R_2VpTYfitucOFy7c,439
R_1hECczwqDqjSd0E,440
R_1jjEXbnjq9qstdy,441
R_1QrOvFlbGImd3qo,442
R_9GFyrHB2ipWjjUt,443
R_32PHtzpx9MZyrFn,444
R_5Bcde2zdgaSB4o9,445
R_2xzMKbCoXPaYGse,446
R_1MKglJCPZA0UfYg,447
R_3jdqNKBIJYq2IoN,448
R_DjZ1Ne2N09am5RD,449
R_3dNfaTZfWDbVQun,450
R_2CwaugQl4NBej2y,451
R_2uBrfaINdc9pQE5,452
R_2BkrLZODLyBIAsk,453
R_3ReGa9wDuZzraIu,454
R_A08UqDJXkzr6WVb,455
R_1PbgGqMBMvx8ujb,456
R_2zwlpseLxXGKoIL,457
R_0Mm6rD7vzUFn29j,458
R_QaW9yQpYDiucA7v,459
R_OleBKfJZD3I0j1T,460
R_2XogEdtVOlDSHMO,461
R_Zkip4ha9gzBodHj,462
R_BslCfODN5pzWDUR,463
R_2t8SV8m12IbxU7K,464
R_2QVDftetGtFpdq6,465
R_2xGe4Q2CNswAM2J,466
R_1DUtV94FI7vZLQ5,467
R_33cZ7VRBZumKGkl,468
R_1Mn2COBJoEwC8wN,469
R_2SqpHnTZ8ZtvfYO,470
R_3shnW17EuT72mCa,471
R_3PS7p1VCOBEws7R,472
R_29nVQDYu3gHz7Db,473
R_3nV1Mxf6vSVZPrs,474
R_31yNse0AT4x4C8M,475
R_WqyXK1RnWA476nL,476
R_3ewe6BHQEvrzEfo,477
R_2EE4fCWvh0xUB1f,478
R_3JJYSeAJqozIBDY,479
R_1g6cmJE8dZsJZLe,480
R_12DdbvtgLeyuMzY,481
R_3LhDvAsSJ2UzITr,482
R_3fvH64EOZjFfXLm,483
R_Cdh808xI2OEsnFT,484
R_zSDEbmw329KAoXn,485
R_WrGYMsUwJoGUPuN,486
R_1FFcgAWuBcrIyql,487
R_2dpib7oFf6WRVE6,488
R_pKLMnpS7pYUSAIp,489
R_2rYndVeSkXzJD4C,490
R_RaCGgEawnZvbWA9,491
R_25yCYizq4uIT4Aq,492
R_1M04tpWUK6hfaTD,493
R_28BxouSh8jUaO4X,494
R_3r1jKkkouOihZDK,495
R_724S7rUJEVLwXxD,496
R_2ZChXoRjnQwbxWq,497
R_1JW5mISp3vsvjio,498
R_3qBSNJifReM28e9,499
R_SB6PrzOVVPJpXgJ,500
R_T6PPasWIDJIdmY9,501
R_BqSvmlJ9FL25DZD,502
R_ZeQaI7w1Y9gQfqp,503
R_22WSMSGfS43bSJk,504
R_W7ftZr2KAb1MhNf,505
R_3RgVuskceQ2cLa9,506
R_1DnE505WPe6lD8w,507
R_26nf6gJZWtWNtek,508
R_7VCMTim6vGt1TGh,509
R_1Nqs3PHyyR1mBPC,510
R_3FOo3mANIK9BFpD,511
R_3dXhnadwEbPqpLX,512
R_1ey4kO4659QDKAv,513
R_ahjrTlkqUOP7Y2Z,514
R_3mduzuA4TBMfJHX,515
R_2PBasAzHouTjidZ,516
R_1Per12bbdHdLAwi,517
R_42zZaSIaAlVwZah,518
R_W2uNwk9N5MJvWRb,519
R_exKKhWPYKX38oAV,520
R_1i8958PNjkflzGo,521
R_1qWiCzpnXStvV5r,522
R_1NfFzzB2Epyj7dd,523
R_e9Bb8wwDAskOEW5,524
R_5gu4FNDMHa7mLyF,525
R_wYuThT2SkSlTDkl,526
R_2QEhus54P8JYnZD,527
R_1f3r13qCc5bJsUf,528
R_tXtAdKe9WgGb6Jr,529
R_22S503EuzCYmvrB,530
R_wUiQjwtKwBPapQB,531
R_2TpIGNog1qeN7I6,532
R_siNnBzaZF6GHcRj,533
R_2dyar83BMj60Sn7,534
R_1ie7zWxQLCmHsZK,535
R_2roL6OQuYxKUlkU,536
R_3IYReArIcFPH09j,537
R_1oA4h4ou7RlOWH1,538
R_1hQBJ6eYev9uNTm,539
R_10U8ZOxbf3NfaUr,540
R_zTJI5I0lDEGcPNT,541
R_2ALj6bU2PZGkxyW,542
R_U9qupjjtVnUaVe9,543
R_DeEkutdfeU9dkJ3,544
R_1NejzUP0qeiqYqV,545
R_1MXt8AefKfLuCHx,546
R_2b1quDuk1yNCNBS,547
R_AbyT1iwMD7Zn7yh,548
R_1jUI4s9Y0AFKhdN,549
R_2ztMln3va98x0gb,550
R_2SiwC91WKBojeft,551
R_3RjV7Dn7HzTcViA,552
R_3noVQIYzMcmMAQ1,553
R_10H1fhr6yGUAaTW,554
R_2645NdKetFZt14u,555
R_1hX31qyuP9jMwSS,556
R_3hapMVZfPrc0fWW,557
R_116oG3Crn4BhECN,558
R_2PjphRsOzKuFAyW,559
R_viAJfw98IbhNcBj,560
R_3KoTiyRJcCfIFx7,561
R_3dGO8tRYgiPDgWT,562
R_1OqxVOLeemTMvaU,563
R_Rh5WszwcrCAfRUR,564
R_2639gNc9snSk2tU,565
R_SMMIMleyMp47Csp,566
R_234arYkN3cptP5r,567
R_3JyGFB8RYU8vtpZ,568
R_2cpB4lX6w9iY61n,569
R_yWlx56R4NHT3XpL,570
R_reiI1d2zcHM2V5T,571
R_UASHhZurI3i6soh,572
R_3LcBOFjrO57tByf,573
R_1po5irX5yuBY1mi,574
R_2BrhvivPh4wfUZE,575
R_232GKY2zydQr7rv,576
R_3GuZsteGZ6dkK1p,577
R_3aS2SOWVfGaRbKp,578
R_28IpD4LIBcXP5Ez,579
R_2xLyVQVlp6RGUtQ,580
R_1juKSAZ2PrgmhuQ,581
R_2DUfDuYTYiNC9Z8,582
R_1BWamBezENk016z,583
R_28OnGUZEd6Dysnv,584
R_29bvKoeCU5Wx5pp,585
R_33B8pgThSHUN0a5,586
R_Xp6U05njp0QFtOp,587
R_se6zCEc8tdMw9LX,588
R_2wAAKq5j1vpHuYi,589
R_2aCPiPmRLK216n9,590
R_3JDeYUH1QHVDqUS,591
R_24BFpwCLdlDaHGY,592
R_xaC0xWqgEMr9KCd,593
R_2Ckb0asR3OLoWL3,594
R_2zekrjq7oHNGClg,595
R_1IWTEIjI17ehohC,596
R_3dYCGyf3bcVYjbU,597
R_RwRhs0x0YpGulqN,598
R_3RvxZp5q0GYUvMt,599
R_1prg5l4dOTOChLy,600
R_2S2JPRTDKP9UR6V,601
R_zVdV1Av265YLbJD,602
R_12yirQCTjU8iTC3,603
R_DFPZCsoGjWUXxfj,604
R_27dvGOkpdVXp2EA,605
R_3nr7UwXW7sLcNr4,606
R_2wTrwAucHKt7ltn,607
R_2YWJH0Vyjeip7Qe,608
R_2Ei8ICF62WG6ey6,609
R_3DcInELVpufmq26,610
R_31EQKj2b5pTUexV,611
R_3h4O2tZuZiVLLkA,612
R_6Ja8siVXzC9IemB,613
R_aazsDHvvMVFbqql,614
R_5vX8Z8Ub7ZaTIBP,615
R_2s6hOm2XWQWmdP3,616
R_2V403mHy84GaJZ1,617
R_22WdgF9ZlwbY3L3,618
R_3jfcgZMkxqWfR6t,619
R_1cTHcJ5OR2YeAHH,620
R_2ZDiPXzrUX6B60t,621
R_2fCd14pLOIbxQ6p,622
R_3rOOJ1fnqODWNZ7,623
R_0GkGGdIwO4MZ94J,624
R_3lYB3ZsWmGB9O69,625
R_1jPoPpo1Sp614Aq,626
R_3nOFGVmwUtdh14z,627
R_3ME807MgLcSYjPf,628
R_2rTTIOEmtppPSd4,629
R_BVaIXq4Ydy0VkMV,630
R_25uQxA9H2NV3uB1,631
R_2dWqw36u91wy9UJ,632
R_1rrGb71M6shJbgb,633
R_1C9MFestSBY8wn7,634
R_OOq8clsymFDsoJH,635
R_pcM2nuQHWmmx03f,636
R_Rz7RxXeTbW8URwd,637
R_8wPy6hcfiKfgR3z,638
R_3GctQWELVWJflzG,639
R_0HDftHAY0n48xEd,640
R_1mQlRBgOaTgAbWw,641
R_1ONBH36LT0agROs,642
R_d1iDGjZ53ysBOZX,643
R_3RefbngTgY5ovXb,644
R_3nCnnk9sbaS9TlZ,645
R_Z4f0Ifv8dqjbDVv,646
R_2Y3xfWgBaK00GdJ,647
R_0Cx5muUrbG2iiY1,648
R_1NmobXbLoq3nLgV,649
R_UsjrJoRteCWg9bP,650
R_XRs6yNlzwagC9ln,651
R_QgYZwudsVSZBw77,652
R_3MSwMk3al6fpCyy,653
R_0BZ90TUPzwaTRCN,654
R_2R4FRL6abRA85Oc,655
R_2tLR02V93Tw2RbP,656
R_3ehmSJTyO3z89mC,657
R_u1UTrRASICEQbcJ,658
R_cPad65Da3Nuj4CR,659
R_3P0NvelkgAT8je1,660
R_2ZEtPO0nqAZJjoL,661
R_3Ok3p8BzkMMphB7,662
R_wQNqBQJirmMJ9HX,663
R_3nIZcHqkcKr5WiD,664
R_24BFFu6MAb6qNzE,665
R_2VJxSImiVwizYVJ,666
R_30823yMlHymwQVk,667
R_2c27NIwrjqtIVqe,668
R_vB9u8xWn9K7XGtr,669
R_u3LVXMfGigkZ129,670
R_3Dbuh1qUdj15yW0,671
R_2wKnpQyv0xziawh,672
R_1H0j2RSF6vY71Gp,673
R_2tllk7RsPaFjbq1,674
R_3MKxWl5TNfNkLj8,675
R_4P0O8i36a9GjHhL,676
R_2SlhXGdhMV6Ojix,677
R_3CZNBxIXf8j2FzM,678
R_3RgRugX2KcXh36U,679
R_3dEXShOi7ggHlUg,680
R_24lbXjGBECk4pym,681
R_2rVmeQ6Vn0jkXMF,682
R_22qM6SsL6Gq2xck,683
R_2CxExFa1NG5Iclq,684
R_3Orgh1rA3IgCdzX,685
R_2ayIauFFrclCk6z,686
R_8AMlAcUaH3j7vTX,687
R_3mgCOToOW0442O3,688
R_qJIWyJU7xMMETVT,689
R_1OTcuQero3Vyme0,690
R_11bWu7g3KfO2rPI,691
R_ZE7POXatUSUXO0N,692
R_1I5zVEpteFqL4SE,693
R_CekgNitFDfLDOPD,694
R_3fos5e7e8TtiYo2,695
R_31pkYlnn3Dmx3BT,696
R_1Qzsqz9TA7NxchI,697
R_2V9JOaWIZkbW743,698
R_3nDvxleklkN4Ban,699
R_1EbSqFFyRDHYuHF,700
R_U9kZ7ivLjIynIiJ,701
R_3jV6nUaCRP4WPYI,702
R_3MrGCJPhOCFk3Gt,703
R_1f48OoteEIjeFvn,704
R_1PelcqcbznQAP6E,705
R_2Ez5PPm7XWLQvnv,706
R_31B2IjyXx24BGpm,707
R_2EFveYhfzFG78uK,708
R_3QGzyTuzOhtlxB3,709
R_UGf9XRTs4XmGMZH,710
R_2aKwaupcJhviARr,711
R_28CgSXEvKu98dw1,712
R_SORIEKghYQAjzG1,713
R_ReL9xwbgFf26aJ3,714
R_2xKPpxuJobeO5E7,715
R_3oBehQQX8PF1PnJ,716
R_2VKKIO18sfiS4rx,717
R_rruj02JhZTeTRDj,718
R_3niKiqwABz75hWu,719
R_yVWrYKIkCQN51Pr,720
R_3NHPyvnlH1lB6n7,721
R_3Gx24awWKjAxmtO,722
R_1GHslZhXmYJSrfG,723
R_23ZZTGgrOcrphUf,724
R_2wgeWsBrK6nhsCJ,725
R_yw5QFNWs7c3gh4R,726
R_33sbTT5WoWmP7Io,727
R_3LXzrksjtWqr6IX,728
R_2VjtRspmWQ8Eo8D,729
R_25T5rlCqDxD05dX,730
R_1i3vgJdJ3xlKZ11,731
R_sS5ywqwCb2bZTKp,732
R_1INnMIhWGmCwJBu,733
R_20Vht7LYyMjZIZT,734
R_1rlaJ7N5C9tvM7W,735
R_pGasAfNOZQOIDhD,736
R_OqXWa9PNJS8cRCV,737
R_3oRwfENcMbkfv3F,738
R_2bBXoYKcgylHYA1,739
R_3mmkhHlJXAWJKqC,740
R_1C3XJLDmLuIkGtX,741
R_8uiVRmyjxQCS1H3,742
R_1dtsomP1WNPmUX3,743
R_3KAv9W0Ax1rKuSd,744
R_25ACP0ncK67Y0Zc,745
R_cvdCilRdAgkvt8R,746
R_3O0JNxYYh97vPYK,747
R_2uD1Cfn9W0NQXxP,748
R_1gAx07tD1J5PH5C,749
R_3iIsMkZdLoSt27I,750
R_1DLOICRyK7PtS0N,751
R_2uycUkaJ4SVUAOw,752
R_3fIR2JACI3DUyD1,753
R_UlT19kId7hET2mt,754
R_3qU5LRkTsQCV70A,755
R_3s168R0YrsPX7kH,756
R_DGYOqwIy3tHP4gV,757
R_W27yqoYpmziDqqB,758
R_2zUB1lLDMykB00B,759
R_sS9gfqZVbt0C1J7,760
R_4JBr2WFCDOjicp3,761
R_2f1WMh0O12yzQgw,762
R_yQLRWVuBYqeVGyB,763
R_33gcbX69SAZuC94,764
R_rdbcLqOgbOvTVIt,765
R_20OmZCG2SKTJxzy,766
R_2CNewOLBHCRjuQs,767
R_2zBI9dslkCY80K8,768
R_1DH048Dr2orHJst,769
R_2ZHKWatBQ48Kc6Q,770
R_1OBQLGNGR9IO04R,771
R_oYJWFDAPI7gbICR,772
R_1ISZWYT3H92CK1c,773
R_2bH4jwT2UGcavIN,774
R_3GjOnaJ9R6QbASy,775
R_WupxJT3ObNZnmdH,776
R_cuqXyCEBGk1I1K9,777
R_u22ba7kGqMOmuVH,778
R_1kIjru20gXuoVlC,779
R_323CgIim9Ru1vSy,780
R_3M9exyqSJzRmKE9,781
R_2rjUWQQnPFlW9cb,782
R_2YhsLP2gepkB5Ew,783
R_2qC8DOo2oo0qpsF,784
R_2SCxKB2GgpPr1C5,785
R_2S0QRbSMwoT0s5k,786
R_w7cX5JftqGYisRH,787
R_1lo5YQbyj2Gv77A,788
R_301bDrwT6bROdu8,789
R_1IyObXxZr3f3bFD,790
R_3KpTTsTgqhe6Kb3,791
R_2CHUmkkhHHH4uST,792
R_31yEGrK2SaUJnGW,793
R_2e9Hdhwn0uqv3d4,794
R_2TLxhknbNYEeqsT,795
R_1Ocdup0lkOD2Jxf,796
R_11bhuxcQzAarrA7,797
R_1f7pneK2kGX42SG,798
R_2zvDvAED5pCSPER,799
R_3DjvxpLbdj3riDI,800
R_3iwnuEAgW6mmJbz,801
R_1P0Ik8hOEty5tAi,802
R_2YR42swWfldGKdV,803
R_33Dqpcw0gVkBiHl,804
R_3sv2ktzstXlojaI,805
R_1Fmv0LK4Nn9bLcE,806
R_2wcOAuZvPyean6l,807
R_DqVu7XaHzafaoTf,808
R_yW99AgSbg0b8jO9,809
R_r6omtvUyiD4OBTH,810
R_1fmkf1gBIX1J1QW,811
R_33x9c0vbzub7BSv,812
R_BrWZiERCLx6dkmB,813
R_qDUPGCllqmInaZH,814
R_2diOn8JIzkH5Dwn,815
R_3QFWcVfWgMHKJWP,816
R_22P0SQ5pSwnLiPc,817
R_1FFzYyY4TPjZNbk,818
R_1opfgPrGlH0UFZk,819
R_2BsKZd1fmmQneOv,820
R_2uEQk5RTaT6NVDu,821
R_3FJXTVAmLIl8Cfk,822
R_DUDQ9OltGfrO0Sd,823
R_3EXMfnZvV0AUX0M,824
R_djqp6fqcLGaN4fn,825
R_8x3o0t4rsPymaf7,826
R_3CU6QTt4V5WNb6k,827
R_1n2O8JpLaVp6slP,828
R_2amIVS8BcY9OxbK,829
R_3iX1x4DQQHf2vYP,830
R_3oBI7IKcuXRlbzE,831
R_24GyhgB800eCp1X,832
R_2EofJc2whjsDKoW,833
R_1fiIwwPs70fYSOs,834
R_PNfLFeCrnIv6N8J,835
R_2rGUNO0VPIy6YCJ,836
R_1LLtbPGaHpNVRkz,837
R_1daBB5kjJ67kF49,838
R_1DO6Pff30McbGvN,839
R_3I6sGjQw4TRNdDV,840
R_10GibEum2XrGiTN,841
R_1eE6xfOce1coRMc,842
R_1if9J4hoGFglxzO,843
R_3rIISKi0ZjTt0Iz,844
R_1k0xuIux2WGxh1n,845
R_3ME9W7on8tAcq1v,846
R_2xRYBKOnhsz1Oki,847
R_2UfnabritdjsywA,848
R_W8ylYmV9i570edP,849
R_3elh6St48uoseG7,850
R_11gwNwZdANUNyV0,851
R_1nSYnuXC04aTZWt,852
R_1HbEJ1xUp9TDrCh,853
R_1jSWaf7pKFPA9Ik,854
R_2bDprmYXSzWgwtr,855
R_2ruS1XaDsxwt4hh,856
R_2f2uuUTYBSHdGUy,857
R_eYfnniDSe32xkR3,858
R_12RTetvSGMUrN7p,859
R_1d79HYJCo3t0cYj,860
R_3DkFEXUxw6m6YBi,861
R_pfpcjm73Xi3IlpL,862
R_111oBZHYd2eoShc,863
R_24DcmlVaAXK84qz,864
R_8rbHaZglcLjrepz,865
R_1ovArGGt8PqniCq,866
R_2CvN52krEjR4pRZ,867
R_bJaDZX3SkwLs84V,868
R_xo7gpWLybuKA1j3,869
R_3iyuH4UCXbjqgPH,870
R_21jjGeI7mKVk5v1,871
R_2Yo0oFy1laEJGzT,872
R_2X5kzCUtNkjQve7,873
R_3oXAOqJ9zDnyjGQ,874
R_3nJBh9wTZiifk9O,875
R_1FQHgUxt0dyCwcZ,876
R_2VwNcnfmqMvFigJ,877
R_pzrbqYwb6sXFJQJ,878
R_1n23OeOEdXnfU5Y,879
R_1o84oy1Qp8VJNEl,880
R_2TLeqd1u9uOqcfK,881
R_zUp92Fhcn4Pe7Gp,882
R_0NtZqupBofUhytX,883
R_3M4ByMLBTFwcSTE,884
R_3qfYpURauLIh1m3,885
R_1dNpBYePz23obqh,886
R_WpnwhnU5nDnLhEl,887
R_Od6P0F8S7yuaZGN,888
R_2UYfNHSjCgaFQA8,889
R_Z9UijIKGuL7ni37,890
R_snwlIigtb1o0yGd,891
R_3ISvigV4u9M02gp,892
R_2lfHrrdILKIKjIt,893
R_10SkAyoQIiwIjQw,894
R_1HiqwTIsYFRFBNi,895
R_3rVDF2ae3a6KzxE,896
R_phHcVDGk4ZLhytb,897
R_2YJNBJSORu6pN6J,898
R_ZCQBVrmWF6GNFFT,899
R_31oRI2qQ8xgnYdT,900
R_3MJwn61kvRpcTM4,901
R_wMLWCvK0sMb87fP,902
R_31drDbeiqEWu4nv,903
R_3fJLA91gJf54pcl,904
R_21FflVxthFTViOA,905
R_1H6LLDD46nRvzD3,906
R_2TZvDmqGnJpx9jU,907
R_305zV5LnqfoNTYG,908
R_2ruChEYQ3VtDgS1,909
R_vodyzPw5rpIQ7kJ,910
R_248kpWXebn3de5k,911
R_27Cr4LElmiuwwde,912
R_3qxj4NzCx1kyVri,913
R_9zvliJXtmPXCgNz,914
R_z8ykcxwfAl7SC8V,915
R_pFaCitsnvwoOgVz,916
R_2zMADJ3O4ce4jP2,917
R_3oT9s9n4lJ7Gehk,918
R_PvNZNFf6kYhdVKN,919
R_D75hRM1mdpPwq2J,920
R_2aXiGK2zgM8wsCU,921
R_qOWet7IlqPSFZbb,922
R_3M4IdovPWjgpe06,923
R_Z2A58HEbObFU0Jb,924
R_zUqGSSrx1zs7WLL,925
R_2RRkkU416NX3okj,926
R_XZbtFvz8qFKo2R3,927
R_2SdVExTYsCzZQ40,928
R_3kuMzJVaySpCspB,929
R_1g2uswyC61O4590,930
R_3Rr3MxOtioEFwAO,931
R_1Qsjx9OG1cKM3CF,932
R_1DBj0F4V6HHvtFO,933
R_1hNe0bDiCcOBaNV,934
R_DS3tknuqxMsDfdT,935
R_3n6Pi1EkKZDOKt3,936
R_2tePygRrPu2FG99,937
R_3nwkDidX6vlFPP2,938
R_1ACPa03EMmctSmt,939
R_06w0MOepvlbOlyh,940
R_cuL4cZddM4OfQc1,941
R_3ISifz5BYlC4PDQ,942
R_2wGfNkuJJCQjsOs,943
R_27TnQz82ZTLx3rL,944
R_riPF5aWVzoa81jz,945
R_3D85pM5cT1cxqrT,946
R_2968hZVqaMUrmW6,947
R_1KiLZV6PBMbxmDK,948
R_enCC28SQAeDcSKl,949
R_1mUyAdM57OvraRF,950
R_1BRZ1Q6oaeA2x6S,951
R_3ND8GAikXztvsDk,952
R_D0H6nQesKN8SE2l,953
R_OfKU1DAFgPFWv05,954
R_1jfFLvBZSSN3vrq,955
R_1rIKn9DNhdKXcIu,956
R_3PYLNRr9XWy0T15,957
R_10TWiviI2BQEuI5,958
R_bKucABAr4NxYGBP,959
R_54q0NiqEdfsHf5D,960
R_cC1bfze6puaktih,961
R_2QhtivTirLj4ZOK,962
R_baAct7QCVzfjbgt,963
R_1gu4jl6PhLzjp9Z,964
R_23UgQP60JvsfHEy,965
R_2DMPYIIjWJ9Mcgi,966
R_0ozVeq0IRX6kMcp,967
R_22yusQx5HPGoWoh,968
R_3pgMCz7mitpbvy4,969
R_27eySsQzTImL1o5,970
R_0lamRbufAFRp7P3,971
R_11gPOtjB9tzRDsq,972
R_0JIakaQcvPAL3ln,973
R_RrIEuj57gAifvlD,974
R_3EG8c0hnUhdM0vd,975
R_3hgTrQrxnXWXfa8,976
R_21hMGQCos5c6emm,977
R_3CIO5mkKXGJiaAH,978
R_1DBacrxaz0sKt6l,979
R_1ourVFB1vfH3Y4c,980
R_0cGMt4alaOCVdAt,981
R_1fkoaySY4UuFwRE,982
R_2v0mQmKWgXRE0zS,983
R_27iZkVhut5XDanX,984
R_yyf2y2Jjsf1EbIt,985
R_RRlRt1QhYUtOxO1,986
R_2rGtU520OrcNOYr,987
R_1FqvuP0UziRkcaw,988
R_cILrExOuVwpASk1,989
R_2uPaiJB9W7LHbGu,990
R_3hliz76NN9o6KIF,991
R_1XNsPpN7qPeKhJD,992
R_1gzGbfbKwijQ3Ux,993
R_1pR96TKLE1W9XOk,994
R_2RUhAHsnzTijUXk,995
R_qUykF4QT17KeHmh,996
R_1mXzz5ThzGN74wQ,997
R_3PQXEti5uieSUEi,998
R_A1l6UoAGAdAeg3T,999
R_1dEbcI5pfru5Ydt,1000
R_2fJ2GQ7tI8NskDw,1001
R_SCxAiJUm4hebSSd,1002
R_xxdNEbUgZBqGKnD,1003
R_vdHPseXaYt6u7eh,1004
R_20OK6Y3vZwjWmpZ,1005
R_21afGrOudMCQC8P,1006
R_1NqaFqzK69dncw0,1007
R_exkW09zHpdomHIt,1008
R_UFpYtBPTISLh0Ot,1009
R_3ISHcVvNbnfsij6,1010
R_1ihChvPSxCOQPTg,1011
R_3RxNMrXiZ7Qyzci,1012
R_XixfP1RUT1lPT0J,1013
R_3iP7eIGJK0FIOeS,1014
R_2QAMOenI1AeEXib,1015
R_3oYGpWaNAKPtOEi,1016
R_tSg5RCUVrVYlxrr,1017
R_p6FQIwZXotCoa77,1018
R_DiQeAQdnScVwuk1,1019
R_2SIc2EOey7ISdTX,1020
R_XA2zdxsSTPLYC5z,1021
R_1PYGjcTkZZxHKt8,1022
R_9KSSjvsodOw0jkZ,1023
R_2PvTALqv254rRjO,1024
R_1hETmlmZl7WNff6,1025
R_cZTQde9vgFajew1,1026
R_w1aYhm6q5La81vr,1027
R_1kMikb3xg2l6GE3,1028
R_31GC7zoQ8rKwFuO,1029
R_2dtBKlsGlmWe1rP,1030
R_1PTtUbe9GzWrttr,1031
R_6YDuqmHlkS9wqrv,1032
R_3qqwIJNBILR9x5v,1033
R_vMpYNCDVKlrp2p3,1034
R_25vGUaPlesymyeg,1035
R_3IWWr7jzS7q0Hbo,1036
R_1CEf8kCpLSzTCtR,1037
R_yI6TWCtb0SBrtQt,1038
R_3NENYyDoDiWdTwt,1039
R_1gHlJ8HKurulXaQ,1040
R_3lWCpRe3aEt5tQf,1041
R_U9DzA0mWjPhG1tT,1042
R_vcVEme7qRAdKEYp,1043
R_3dEecTWdxZv7F5W,1044
R_3PFEqm7U081Bp77,1045
R_s6uBLuoNHGl6yA1,1046
R_33s4osPjZ8ICIws,1047
R_31XZI0FZyteoz5L,1048
R_3sprdl38ytecLHJ,1049
R_1E7iE0rYakKA2Zc,1050
R_21h8J0I6uVVxnG1,1051
R_2RUgdriB7Pljqx7,1052
R_Cmk1XoAJnowR9Qd,1053
R_2UXGQ1aoCXSzFwV,1054
R_wY8UuJzqJsQZlwR,1055
R_2Ynf04LZbfQUspa,1056
R_e4EpgnL2k7l2uTT,1057
R_30jUUfT8ogWMtO3,1058
R_1jOkdibP4K8vpj1,1059
R_3KSz2RmmUhkrd0d,1060
R_3dEtn8TCU5jLYKA,1061
R_323nb6sr1nwHjKS,1062
R_1r3yB3mPFjf7gxH,1063
R_2n4k8sSHvoaT7S9,1064
R_22XF0O89OYCj3Hm,1065
R_1LXwdtXdUtveuhw,1066
R_WiiAzzRpUleMJqx,1067
R_2wn7UPuJTEMXiO8,1068
R_2P0uREfQqDZ2lM4,1069
R_sYbq3w3PDUrcYRb,1070
R_1GvKgrbqscxpExb,1071
R_1EiWx98TAMINUWv,1072
R_1KpaXaQcWLeAqvT,1073
R_3QEiVCkzXWSvXtU,1074
R_2PBZC3EAKnQP9CY,1075
R_3exGZ4FVytJWT7f,1076
R_1Ft734OzZVNaknT,1077
R_Tto1UlF6wM4WFSV,1078
R_2VQPUO8O8kmlPFY,1079
R_1GxlRuypQZedDcp,1080
R_10OtLPNdzUvfPDE,1081
R_3MG2xzGw3SB2dMi,1082
R_vr8Nmqjf3H3Bhdf,1083
R_2f1irjCSBXhA06Z,1084
R_1GQFAgiDjPB8kY3,1085
R_uqRQ2sVopX7o7rH,1086
R_3lS1DoGF8PwUOTf,1087
R_sX3Gog3QnAoU8SJ,1088
R_3j68zHNAAkW6dBJ,1089
R_3CZXHKpPMVWxbTI,1090
R_1DRXctXm0dIIGPy,1091
R_3nI22SLta8MtNdI,1092
R_10MgELeKjghON6X,1093
R_UEJOQnjKaRxUSXf,1094
R_7X2Qtyc7dS8COGt,1095
R_3ijSE8X8AgQWx3t,1096
R_28AQPIPnLdPOmrc,1097
R_2BxseS6Sw4dz12s,1098
R_3GrE2mpUEW81Cdf,1099
R_1IlTNXuWzLXKqgp,1100
R_1n6NBDhdGY4mOac,1101
R_1q7ImRStMIPH05g,1102
R_1Pe1BTGINBAav1e,1103
R_1Duu9ISC51PpkNS,1104
R_3dY6XlsWPVuGqQf,1105
R_1QMhjdogMNRodf1,1106
R_A1DjRIME6DBbTEZ,1107
R_3hAu08N0tCY8nIP,1108
R_1I4KMk7WYfODQ24,1109
R_3dWgqtzCaOQvRC2,1110
R_9ZcSt607ahMCYnL,1111
R_1kMNwdbNMq36hdx,1112
R_Puh3lUKkDZk6NXz,1113
R_2rMBvZFpH8G8SaW,1114
R_3paRCM0kcKARSBK,1115
R_bvhwJxlItLquwV3,1116
R_WcyPVvYq9QrYZZn,1117
R_2QVRIZdcZMl3XS1,1118
R_3lRiH46jIYzNh60,1119
R_2urm9aESUAY5twR,1120
R_1Yb9xd3QXpqqB9L,1121
R_2yf7fFy4e2fglzI,1122
R_1LUSbT4uDqt7LH1,1123
R_OOrlr3AUibm1NWp,1124
R_1qdM68wkC6MBcyX,1125
R_OesSDzek2EZsGOJ,1126
R_1onBVn1Qt5mtAFR,1127
R_3kzVW9cJe7pMPYe,1128
R_cvuwL19VgnPHo2d,1129
R_1DCHz9lPc7GL3sL,1130
R_R80wcgxd7YkkueB,1131
R_3sc8Id0tLlZDvr1,1132
R_Utm7st6F2hTMjWV,1133
R_2b1wfPd1O4FZjDv,1134
R_3IZcMD3PAQBRSrc,1135
R_BJvATQFhgV0eYet,1136
R_1l9IfnYUVX99oDj,1137
R_2Yg1EO2JcsF0dZN,1138
R_bHiSqMNHzkp7Vux,1139
R_2RWkD3OoIDNlQWd,1140
R_viysbqrw6cw2gOl,1141
R_2aDAtlRCrZIcM1k,1142
R_1gUCN7hHU2O89kQ,1143
R_eFl1x3YfCzerU7D,1144
R_3neIE2mLVQv9Yvv,1145
R_2EAXnu5NJs0gABy,1146
R_3L1Q6BaZN4sMf1s,1147
R_21b7GbKnmcU1sOm,1148
R_DjVPF1H2tKh15br,1149
R_3QEqhAFfDSqQto7,1150
R_2EHlrmldbU0INr9,1151
R_1jTaFwiaaTy9MkD,1152
R_1DzNuCbYgZ3NmPO,1153
R_1g5yVq2q1hecQiV,1154
R_2sckshbcUzk7JRC,1155
R_2aOHxnXDMC3xYNC,1156
R_27KD5G1Iot3X5KC,1157
R_1rID3NBsX7ndZ6g,1158
R_RCx0Aw4YEqgh6kV,1159
R_1kNY6jAynWzpxbo,1160
R_AzKk3XXy7X2H9FD,1161
R_UGW47mcGO0VW0O5,1162
R_9ZbGdzEGbFkz8el,1163
R_pL5PdIU4QYJxobf,1164
R_3jVuypVbG4UASAp,1165
R_3dMsT6wg0UcMKXC,1166
R_aeIP2xtg7FyjqbD,1167
R_1hyWQ5xxaJx7rda,1168
R_3FK9AC95kQmAGLe,1169
R_3s1ccAm4k6Hzjld,1170
R_1kYsIZIvOcAUMSF,1171
R_3DpFEQbsDyqKhVG,1172
R_269Lmra8vLfudKo,1173
R_12xWS4wUXKBz2x9,1174
R_ZEuOPX9Q6NzRUaJ,1175
R_3hEDUtcJbjXG9Td,1176
R_pgdsoGNa2zAcUz7,1177
R_307OW6b33TOP5ts,1178
R_72698nfc5kbLBo5,1179
R_YcckwIYxo0isD05,1180
R_1jBstknByJWcrl4,1181
R_3DbHI1D4LapLhEL,1182
R_1Ny96G7yYvjhybj,1183
R_Av48Cvtnk6Y8Ryh,1184
R_1ieOo2e3hoq4OZT,1185
R_276XEMqi0izSASh,1186
R_BSvJeAlMwxQbH3P,1187
R_2EFUFvbtGXVnpbR,1188
R_ePN1yDI0UYoywNj,1189
R_6JCqbwzA1HRcJ3z,1190
R_9B7AKC985N3ZxHb,1191
R_2TZrReEXRMFTT0S,1192
R_3nPCgPv6uacEPhx,1193
R_1rrGb6Knm4Zn4Qw,1194
R_3PRCPFefoD7XLJi,1195
R_1Q5CNYNBjtWDQyH,1196
R_BAqBRhVzlvB5LUd,1197
R_12kWbz7KpXQdv8I,1198
R_pSpsYPKzYiblebT,1199
R_2AFReN396o9RGL3,1200
R_9XeaZENJ47DY5l7,1201
R_2EtyCL1HmXxFmrT,1202
R_3gUEtiaQxb3jA1q,1203
R_3IVMRQJUBnzzbvG,1204
R_1ISFszR2OCC57Bs,1205
R_3lrBT1vDMrcEtLI,1206
R_s89BzUHAzPsjFG9,1207
R_Du9lRJu03MCAbG9,1208
R_xz46KSqb9d2VCX7,1209
R_bsHhJG9HioMNkDD,1210
R_rkBxXhJjEvtRRQJ,1211
R_3kMIEbhWwmw02Ed,1212
R_UxpqfTNZDRvhSz7,1213
R_2YfdNdTEt01tcWv,1214
R_DePVoqXP7e5rZTz,1215
R_V4I0pknw77YOpwJ,1216
R_bdyrPivGobcJehj,1217
R_2EdfHjAVWZeyu4a,1218
R_bIBzdPJBCZ9h7R7,1219
R_qVf8dh9y8luFwVr,1220
R_2c0E8Q8jNwywRGJ,1221
R_1OiVpug7pA7knv7,1222
R_pAaE7TQR6gNWp7b,1223
R_vYW1NBdE6NNEC2t,1224
R_2zOnwb8bw7vFEb0,1225
R_OdowRdKRz5EScrT,1226
R_3fGAD5GBDgrmFpY,1227
R_byfgfgZktlcTrq1,1228
R_2U8YEVY4rh3o0FM,1229
R_oYKxXnXr2P5FIt3,1230
R_2rJibkY8Cafj2Jc,1231
R_Rn9oa75gnUj7hi9,1232
R_38XUnsP6dl4Lv69,1233
R_BWHZloVEftcEVbP,1234
R_1hAptuNamVrandL,1235
R_3I3rp7lQwSDmJB9,1236
R_2VEAemiudu37R4s,1237
R_3My9XyfOj69hxmc,1238
R_TtSe00tJphsFdFD,1239
R_2EmK2p4Gw0PncYE,1240
R_0SpczeW2AEPZvzz,1241
R_12F7nQrPPBV71so,1242
R_3fTYnu95Vubipxg,1243
R_2uq9v8Iq4Oh9Ujk,1244
R_d5L0I0aHqpYh6Kd,1245
R_1LSRjHzExFkEKrD,1246
R_1QyeWbbXmyiKXDu,1247
R_2YDKfJVeFttRkzx,1248
R_2PweKgSZEtDSzzd,1249
R_3LbVCJj7GbgzW15,1250
R_2pYnHweKt03RVYs,1251
R_3PtuNtCyGGz9s8i,1252
R_sNepCETMn2K7SyB,1253
R_aaR2BiWYHkm8Ku5,1254
R_3GqyspIaM4Xw9fn,1255
R_1jBcLosc67QLFvR,1256
R_3CHmbMSqpKNMNQd,1257
R_26eDOthKqkDl0rD,1258
R_T0KaMSvWxY51FUB,1259
R_1dxVFVLilBpzq15,1260
R_OOqM0u37d241pWV,1261
R_pGKeoOl3nqGDfnH,1262
R_3lPGHHUHZUKwg8R,1263
R_C85daBrg1byO7fP,1264
R_3lJsDF84ToD0B2E,1265
R_3IRHzSlIcomnQHr,1266
R_pmkgDobcdaZEiLD,1267
R_1FqTIdpvqgguwGE,1268
R_3iqd0oAoCswvFTE,1269
R_1HPTvkVFiM1Gyl3,1270
R_1pQZx7S6ObWwi91,1271
R_4Z5J4LneNMx6ss9,1272
R_2ANBx9icqHojGxd,1273
R_3pa0z1dO5ubKvxm,1274
R_12gMwSftQEIs1XK,1275
R_1P0C7HyyEJU68cA,1276
R_xhpB56wzYYPikil,1277
R_2CmkhSXJdKSCuGx,1278
R_2ROY9QbW3qjRTpr,1279
R_1Oy7KJh0YyKr2re,1280
R_2BqvoGXk5jKTG8Q,1281
R_3F3Wrh9uNLeKg5y,1282
R_3qWZIRzmXj2Boga,1283
R_1LLpkAPXX5lhygZ,1284
R_5574PfX6gSLcEkp,1285
R_26bFRYMXsd7Beza,1286
R_1Qm9vfCnYUrZOEs,1287
R_2z5Cpmv0c4FqmyF,1288
R_1IaVKio0Mkmi5wZ,1289
R_1kTuYdqOEFYTM6a,1290
R_Z8eks02Ad6KRGoN,1291
R_1LOUa5wzdT04c6K,1292
R_2zSYd5Sqmh6GmU0,1293
R_xhFXjk7MdP7JQzL,1294
R_10HGI7RGu3nB68O,1295
R_Bu1rxINcHOD1Eo9,1296
R_2cvVtuf3ddHoHni,1297
R_2wn9gGRVRfRK6ua,1298
R_2DXIzCwJobcGmw2,1299
R_1iaOFYHA1wm1ooR,1300
R_1IvfwrsQzovt2FK,1301
R_3HtYHLbCAW9hN2L,1302
R_2335aWEJFnVwqd7,1303
R_3npZLAGrpXcJsWb,1304
R_1pYSnPd8AoMBs9b,1305
R_R3qsotF2AimjVAZ,1306
R_2fk3MWtL5LslTPG,1307
R_2DS3jsIj1Q9C1vW,1308
R_2U64qXPk8OHKULe,1309
R_3GBY294C22VzIML,1310
R_2tmmCcqOURBuOf4,1311
R_shZNM77knl0oYRX,1312
R_3KBzwvz6C8MolqO,1313
R_2XjPszOYS4GwcCG,1314
R_RnrkV27GZoLUSS5,1315
R_qVmcNu95agmpma5,1316
R_2UbibXhvuGMbGzV,1317
R_2pSKJg890ZmkXid,1318
R_D0l3QMoaAiYSGc1,1319
R_Rm1ogO3R8FF5jKF,1320
R_tETsuFRnH4RIO3L,1321
R_3CH0F0tgNExtL2j,1322
R_3OrlH82QE8Ccw49,1323
R_8tTdSmCIzR21Get,1324
R_cSjeZoqWlnym9Tr,1325
R_1ghiuEw2siAPgeq,1326
R_3Jw8A3k3R7ozCln,1327
R_1GCBcX9pn5XaB3X,1328
R_BJS5ltx4mHofFiV,1329
R_3LYgEcb7JHFg5K2,1330
R_10Ah5InmDqBexsU,1331
R_3Gjg9yENRqjqtW8,1332
R_3PRBbQ5pVgM7cmy,1333
R_1IMnVrsbem4huKT,1334
R_0VuzOG1eBUAlRbb,1335
R_NX3hr14THeykrAZ,1336
R_2rx57AxWuB11fu9,1337
R_3sgHONsjK31q4OX,1338
R_UQmNFT8syUgFVKx,1339
R_238dhMf2hTjcHGm,1340
R_zZuUKE5lL4ysEMx,1341
R_O8zGWzY5ITuWDgR,1342
R_3qBURakziyF7dwX,1343
R_UaS1S5KKZYeEeAh,1344
R_AI04wAbTUC2ajex,1345
R_1EXMdiJ8SbvkybW,1346
R_sclYAV2WAAhWxJT,1347
R_cVh82QDNsTUpmjn,1348
R_1loPBK8nW4xrhCn,1349
R_yIPPFeAGWiwzFaF,1350
R_2PiiEQFCleULTAr,1351
R_1GZw2wzfmXZNtTd,1352
R_2do6wQH6IgRQ7XW,1353
R_3NKVF7nNFbXGHtw,1354
R_ZeGNNK80tgeUL5f,1355
R_3M6fwa4nTmxje3r,1356
R_C47kvECGm2FqQzn,1357
R_24NxIeRS7QPymCp,1358
R_1kYwIqw71w3vlwP,1359
R_43ofHvqZlCUQFwt,1360
R_2CJ5AGf1h98CRin,1361
R_1GVpY7L3BCagNOu,1362
R_2CfYb8Rvt0yMxrI,1363
R_2YsPcVz0vsQYb6E,1364
R_vitIyccSGLdxpeN,1365
R_2Pq9bcjeU5WVW2L,1366
R_2qxumQrK33TnwQn,1367
R_33damMTjpuU6cYm,1368
R_1PSIcYML9IIQuzT,1369
R_2yeeOwp0XZ7CTyy,1370
R_3dH804JKoVhVglA,1371
R_30hFBiMKJtklLOu,1372
R_2w0TwJe0ByiQELw,1373
R_2VeYe54ycicHIVt,1374
R_2DZA3sGRcuNQRJI,1375
R_wXYFRikhgLe6H5L,1376
R_1OHJNbTLHBcFo8p,1377
R_xt31V2rS1gKO1IB,1378
R_2ZPwnFr1AsplaHV,1379
R_2bVFsmE7sUwvMe7,1380
R_1gBjAn15dE3Mnnz,1381
R_1ojdnHGQxcxWzzw,1382
R_240LG4Py3NospQI,1383
R_2YlDLqh9vhkKrOO,1384
R_37wCERdhgvd7Oi5,1385
R_0w6MMGJ4YAB8u5z,1386
R_1kUC8hhjKSQixP6,1387
R_2EutHE4sCRewMdt,1388
R_3061pzzzbMcDTCB,1389
R_114lHKpEd1QUmZm,1390
R_1MTgAS69v5TKTlF,1391
R_3qsVcdDP7u8HUzR,1392
R_2PbTNSJtaXWWkIp,1393
R_BD1duJFcLenES5z,1394
R_3NyBi1MLXKcJdPz,1395
R_1CaxG076QxbE2fQ,1396
R_r86FbmVenWEyTn3,1397
R_9meJfG8OK63zLfH,1398
R_3ndUpR1rAtawJUo,1399
R_2bI8hr4C8hfcY80,1400
R_T4Lm4qmU5NPMeqd,1401
R_3s1EOacVczREPwf,1402
R_1LcKSjJdauJxqi8,1403
R_3IXn7w9SQoMyGtc,1404
R_2PCotaBsHoRRhJo,1405
R_1QsZl3Rw9G9KrdW,1406
R_1pyWlfiJpWyvq8m,1407
R_3QEmfe67wmLLOic,1408
R_3m4rxG5lY9s8dd5,1409
R_DIRNPNydFYCp4XL,1410
R_2f6A50yywU3sEcJ,1411
R_24dzdPcH1A1fTsd,1412
R_6WiphYtwMRGtd4t,1413
R_1r2eJntv7tLMH6w,1414
R_2ExSsNJ4E45UVeF,1415
R_1IgulazAtKf2Lgq,1416
R_3PBNF6aQkEClZY3,1417
R_UsDMMu5wYw1WorT,1418
R_248fMTGJVE3q1oO,1419
R_2VjAYyyhZgRyi5R,1420
R_32QIrD9qvMxvYnD,1421
R_SE6EIemE1hOgHsJ,1422
R_28CKjLy77md1Gek,1423
R_2rOuFe6lU09xAAo,1424
R_1qepYpnwrHZAVML,1425
R_1mjRdHLrBsYu3ld,1426
R_2azuVVf2qNvG3pS,1427
R_Q4HiEw1uURcs4Fz,1428
R_0xOrczFnIyhFxsd,1429
R_12cq7a8ANLEhYGd,1430
R_3Gj4TvUqS6aGns3,1431
R_1fcH8AExsgh20Wu,1432
R_1gnCiSRUm6UsCh0,1433
R_2rIuJEtf0mzXim7,1434
R_3KrPIHwT8SAwZV1,1435
R_3hmel7z6kGCqHlc,1436
R_0AMAtldwLOXoXFn,1437
R_pFqGttkEHkhBgVH,1438
R_1dvnpa6fWGIngFM,1439
R_2X1mHgjLTAO5ybj,1440
R_0Hhes2q971L702d,1441
R_2ATseX8b4GlO2uJ,1442
R_yyZSW0b0w2DveNj,1443
R_3Jhfi7EgO68a0K2,1444
R_2wiVysGbjNxBpsj,1445
R_dhfKiGtiE9TMfuh,1446
R_2tEWHKz52zj89Xo,1447
R_1FsU2eh4GIP7dw9,1448
R_2to2tYdJBEojxVj,1449
R_Q4EiTUdLMCl7eq5,1450
R_3O3tXyJzJjTELVk,1451
R_3GqcQXOdKBqZoHa,1452
R_2B42tbBxpoVFU9W,1453
R_1OuysiGT49slLVb,1454
R_2q3MhLYOyaJ2odZ,1455
R_OiGvegk1eGrROwh,1456
R_723n9zhErmppRAd,1457
R_wWSahZagocgYpP3,1458
R_21AqA3RyUYbKkws,1459
R_Qj02LTW6Yy985hv,1460
R_1QsmmZDP83gYPXa,1461
R_12QFeKe4Nd179d9,1462
R_3HLkOQoU1WAt3bV,1463
R_1IDUcPTUIUkIzCr,1464
R_1DSZP3sFUIohdY7,1465
R_3qvS562zKWeRz0u,1466
R_12ukx3324troCnV,1467
R_Uljajbi32n4dVzb,1468
R_10DBB1eZgC5RmOF,1469
R_2zS9Ze46Urk6phu,1470
R_psHAQMGmVo6IOKR,1471
R_1DvYt68AMjRZVd4,1472
R_WfehYcIGa8uo2vT,1473
R_1oFsPeViYyuET0b,1474
R_b9l03WF3n7QTVzr,1475
R_1K3adMSAh15up28,1476
R_2sd5XkOp7IjKUaF,1477
R_0HA31IIzFW2NJzr,1478
R_pPKwFgN0mejSdEZ,1479
R_qPVXIsEhIZrjnkR,1480
R_9zOnb34IRq91Scp,1481
R_3g4MQPT8DLmxY6U,1482
R_1kYbWWKwx4BLlYS,1483
R_3kAQsnDMcWNNYLg,1484
R_3kAqsUntVAuDoBG,1485
R_Bs3NQb1Vq3ktIbf,1486
R_1Cgelua9KzXc9x4,1487
R_1d5IeroWmq3sSjI,1488
R_8tUddZVAVBn5gxX,1489
R_1P0eHlKzg56W3Y9,1490
R_2wpq9EmSVABSXTS,1491
R_2fdsWJytZbIoUHW,1492
R_3koX2FG8M8hFFGz,1493
R_2YgNWtw61zmhfNH,1494
R_1KkWUDdUHZgvf8t,1495
R_2Ys8o12JFrN9DfQ,1496
R_7POKgDamPwMYp4B,1497
R_1Lb8HrN7UT2coxT,1498
R_3j1EJHR7HADxGY0,1499
R_VU1RxMapLKXKhP3,1500
R_1qepz9hF1iIGttE,1501
